classification,value,Coin,Execution Price,Size Tokens,Size USD,Side,Start Position,Direction,Closed PnL,Crossed,Fee,Timestamp,time,Win,day,month,year
Fear,34.0,HYPE,13.15,36.48,479.71,BUY,5549.17,Open Long,0.0,False,0.047971,1740000000000.0,14:49:00,0,12,3,2025
Neutral,49.0,HYPE,21.909,0.95,20.81,SELL,13149.49,Close Long,-0.015295,True,0.007284,1740000000000.0,18:45:00,0,24,2,2025
Extreme Greed,83.0,ETH,3647.1,0.8216,2996.46,BUY,0.8319,Open Long,0.0,True,1.04876,1710000000000.0,16:37:00,0,15,3,2024
Fear,44.0,@107,22.224,298.48,6633.42,BUY,2272.190816,Buy,0.0,True,0.10446796,1740000000000.0,09:47:00,0,3,2,2025
Greed,64.0,BTC,43098.0,0.00026,11.21,SELL,-3.27036,Open Short,0.0,True,0.002801,1710000000000.0,20:55:00,0,6,2,2024
Fear,37.0,HYPE,17.994,41.06,738.83,SELL,-25024.63,Open Short,0.0,True,0.212784,1750000000000.0,02:00:00,0,20,4,2025
Fear,34.0,HYPE,11.53,17.33,199.81,BUY,8695.28,Open Long,0.0,True,0.059944,1740000000000.0,14:33:00,0,6,4,2025
Fear,44.0,ETH,2725.0,0.193,525.93,SELL,-533.7807,Open Short,0.0,False,0.026296,1740000000000.0,22:21:00,0,3,2,2025
Neutral,50.0,HYPE,26.145,1.33,34.77,BUY,-467.25,Close Short,1.180375,True,0.01217,1740000000000.0,05:13:00,1,15,2,2025
Extreme Greed,87.0,@107,28.74,10.44,300.05,SELL,37592.6975,Sell,66.684633,False,0.015002,1730000000000.0,11:28:00,1,17,12,2024
Greed,63.0,PENDLE,3.285,71.0,233.24,BUY,14677.0,Open Long,0.0,False,0.023323,1750000000000.0,00:50:00,0,24,4,2025
Fear,33.0,HYPE,17.184,45.81,787.2,SELL,-800.0,Open Short,0.0,True,0.275519,1740000000000.0,04:50:00,0,18,4,2025
Neutral,47.0,ZEREBRO,0.027818,27400.0,762.21,SELL,-176763.0,Open Short,0.0,True,0.266774,1750000000000.0,13:33:00,0,22,4,2025
Fear,25.0,SOL,148.3,17.37,2575.97,BUY,-3028.69,Close Short,5.563611,False,0.123646,1740000000000.0,08:58:00,1,6,3,2025
Fear,25.0,HYPE,19.351,2.0,38.7,BUY,243063.23,Open Long,0.0,False,0.001857,1740000000000.0,07:24:00,0,25,2,2025
Extreme Fear,23.0,SOL,105.46,5.0,527.3,BUY,16004.2,Open Long,0.0,False,0.026365,1740000000000.0,04:33:00,0,7,4,2025
Greed,71.0,ETH,3238.9,0.3,971.67,SELL,7.9924,Close Long,22.626,True,0.340084,1710000000000.0,20:37:00,1,23,4,2024
Greed,70.0,@107,27.266,65.33,1781.29,BUY,3818.606082,Buy,0.0,True,0.02195085,1730000000000.0,06:03:00,0,23,12,2024
Extreme Greed,80.0,@107,23.971,14.6,349.98,BUY,96021.481,Buy,0.0,True,0.00510996,1730000000000.0,10:38:00,0,15,12,2024
Extreme Greed,94.0,kPEPE,0.020297,72330.0,1468.08,SELL,147614.0,Close Long,-6.58203,True,0.513828,1730000000000.0,19:03:00,0,22,11,2024
Extreme Greed,76.0,@107,20.994,4.99,104.76,BUY,760.4215558,Buy,0.0,True,0.00174649,1740000000000.0,19:25:00,0,20,1,2025
Greed,65.0,HYPE,27.288,140.72,3839.97,SELL,-38679.01,Open Short,0.0,False,0.368636,1740000000000.0,00:10:00,0,30,12,2024
Fear,30.0,HYPE,15.652,31.95,500.08,BUY,2970.89,Open Long,0.0,True,0.150024,1740000000000.0,21:36:00,0,23,3,2025
Extreme Greed,76.0,NTRN,1.4172,289.0,409.57,SELL,7092.0,Close Long,4.882077,True,0.102392,1700000000000.0,02:02:00,1,9,1,2024
Greed,65.0,ONDO,0.8801,712.0,626.63,BUY,-22311.0,Close Short,18.0848,False,0.060156,1710000000000.0,04:45:00,1,16,4,2024
Neutral,47.0,HYPE,26.691,5.93,158.28,BUY,-172.93,Close Short,1.32239,True,0.055397,1740000000000.0,11:56:00,1,18,2,2025
Neutral,50.0,BTC,98126.0,0.006,588.76,BUY,0.13268,Open Long,0.0,False,0.029437,1740000000000.0,04:08:00,0,13,2,2025
Greed,61.0,ZEREBRO,0.22968,675.0,155.03,SELL,34508.0,Close Long,6.29775,False,0.014882,1740000000000.0,20:04:00,1,13,1,2025
Greed,60.0,BIO,0.070131,713.0,50.0,SELL,190496.0,Close Long,2.681593,True,0.017501,1750000000000.0,08:21:00,1,25,4,2025
Extreme Greed,75.0,ANIME,0.12882,841.0,108.34,SELL,-52071.0,Open Short,0.0,True,0.037918,1740000000000.0,18:38:00,0,23,1,2025
Fear,44.0,HYPE,13.595,12.45,169.26,SELL,117733.29,Close Long,11.163915,True,0.05924,1740000000000.0,18:22:00,1,2,4,2025
Neutral,47.0,kPEPE,0.008102,177613.0,1439.02,SELL,-2620934.0,Open Short,0.0,True,0.503657,1750000000000.0,13:33:00,0,22,4,2025
Neutral,48.0,HYPE,28.024,11.6,325.08,SELL,-10.5,Open Short,0.0,False,0.016253,1740000000000.0,23:18:00,0,14,2,2025
Extreme Greed,81.0,@107,24.502,9.13,223.7,BUY,38628.79003,Buy,0.0,True,0.00273896,1730000000000.0,10:15:00,0,18,12,2024
Neutral,47.0,ZEREBRO,0.02805,11818.0,331.49,BUY,-645475.0,Close Short,14.29978,False,0.031823,1750000000000.0,09:43:00,1,22,4,2025
Neutral,53.0,SOL,148.14,96.12,14239.22,SELL,37937.67,Close Long,98.407656,True,3.275019,1750000000000.0,05:55:00,1,1,5,2025
Extreme Fear,24.0,HYPE,12.283,28.26,347.12,SELL,3445.26,Close Long,38.182086,True,0.104135,1740000000000.0,07:49:00,1,8,4,2025
Extreme Greed,83.0,@107,17.87,400.0,7148.0,SELL,12455.94094,Sell,388.491813,False,0.0,1730000000000.0,13:55:00,1,12,12,2024
Extreme Fear,15.0,HYPE,15.55,5077.93,78961.81,BUY,200606.61,Open Long,0.0,False,3.94809,1740000000000.0,15:20:00,0,4,3,2025
Neutral,53.0,@107,19.608,12.5,245.1,BUY,4.99866188,Buy,0.0,True,0.004375,1750000000000.0,06:18:00,0,1,5,2025
Neutral,45.0,HYPE,12.622,107.44,1356.11,BUY,2992.89,Open Long,0.0,True,0.406832,1740000000000.0,12:10:00,0,13,3,2025
Extreme Fear,15.0,HYPE,15.55,5385.36,83742.35,BUY,213265.71,Open Long,0.0,False,4.187117,1740000000000.0,15:23:00,0,4,3,2025
Extreme Greed,82.0,DOGE,0.40618,4907.0,1993.13,BUY,0.0,Open Long,0.0,True,0.697593,1730000000000.0,22:50:00,0,25,11,2024
Fear,40.0,MELANIA,0.65999,303.3,200.17,SELL,-486759.2,Open Short,0.0,False,0.020017,1740000000000.0,17:26:00,0,27,3,2025
Extreme Greed,77.0,SOL,277.0,4.0,1108.0,SELL,-4972.25,Open Short,0.0,False,0.1108,1740000000000.0,14:48:00,0,19,1,2025
Greed,61.0,EIGEN,4.078,18.34,74.79,SELL,-23609.84,Open Short,0.0,False,0.007179,1730000000000.0,20:42:00,0,27,9,2024
Fear,27.0,HYPE,13.663,36.6,500.07,SELL,20388.84,Close Long,23.78634,True,0.175023,1740000000000.0,18:16:00,1,14,3,2025
Greed,74.0,@4,2.28,15.0,34.2,BUY,2091.0,Buy,0.0,True,0.00525,1720000000000.0,21:55:00,0,11,6,2024
Greed,61.0,kPEPE,0.008772,923754.0,8103.17,BUY,-923754.0,Close Short,2.771262,True,2.836109,1750000000000.0,22:40:00,1,27,4,2025
Extreme Greed,93.0,APE,1.2796,917.2,1173.65,SELL,-4753.7,Open Short,0.0,True,0.410777,1730000000000.0,18:38:00,0,23,11,2024
Neutral,45.0,@4,3.361,32.0,107.55,SELL,1935.21926,Sell,-7.623381,True,0.037643,1730000000000.0,04:18:00,0,18,9,2024
Extreme Greed,79.0,@107,25.95,38.16,990.25,SELL,35638.42556,Sell,788.610591,False,0.099025,1740000000000.0,23:28:00,1,26,12,2024
Extreme Fear,15.0,@107,16.319,69.98,1142.0,SELL,2689.423348,Sell,15.112011,True,0.342601,1740000000000.0,18:13:00,1,4,3,2025
Extreme Greed,76.0,BTC,105466.0,0.14222,14999.37,BUY,0.0,Open Long,0.0,True,4.499812,1740000000000.0,02:03:00,0,31,1,2025
Greed,72.0,SOL,147.13,13.59,1999.5,BUY,-5706.61,Close Short,-33.783381,True,0.599849,1750000000000.0,03:19:00,0,23,4,2025
Greed,74.0,W,0.638,300.0,191.4,SELL,-86071.0,Open Short,0.0,True,0.06699,1720000000000.0,19:21:00,0,27,5,2024
Neutral,54.0,HYPE,18.252,28.4,518.36,SELL,-4384.35,Open Short,0.0,True,0.155507,1750000000000.0,15:53:00,0,28,4,2025
Neutral,49.0,HYPE,22.2,20.0,444.0,SELL,11079.65,Close Long,5.498,False,0.0444,1740000000000.0,19:10:00,1,24,2,2025
Greed,60.0,TAO,363.0,6.158,2235.35,SELL,-169.771,Open Short,0.0,False,0.223535,1750000000000.0,06:39:00,0,25,4,2025
Greed,65.0,@107,18.183,0.81,14.73,SELL,824.4853247,Sell,-0.724381,True,0.004418,1750000000000.0,06:31:00,0,26,4,2025
Extreme Greed,83.0,@107,16.145,5.0,80.72,SELL,5737.015232,Sell,18.941416,True,0.027122,1730000000000.0,00:10:00,1,12,12,2024
Fear,30.0,HYPE,11.926,838.54,10000.43,BUY,24582.12,Open Long,0.0,True,3.360143,1740000000000.0,05:57:00,0,5,4,2025
Extreme Greed,90.0,SOL,237.15,1.2,284.58,BUY,-1.2,Close Short,-4.13628,True,0.099603,1730000000000.0,15:18:00,0,17,11,2024
Fear,31.0,BTC,83741.0,0.00015,12.56,BUY,2.57891,Open Long,0.0,True,0.004396,1740000000000.0,03:03:00,0,14,4,2025
Fear,32.0,HYPE,13.604,42.74,581.43,SELL,1781.64,Close Long,2.914868,True,0.17443,1740000000000.0,13:29:00,1,17,3,2025
Greed,72.0,SOL,150.6,339.46,51122.68,SELL,-4253.73,Open Short,0.0,True,12.780669,1750000000000.0,21:20:00,0,23,4,2025
Fear,32.0,@107,16.759,40.99,686.95,BUY,918.0662951,Buy,0.0,True,0.01434644,1750000000000.0,01:07:00,0,19,4,2025
Neutral,48.0,WLD,1.7826,280.5,500.02,SELL,-6498.2,Open Short,0.0,True,0.175006,1720000000000.0,12:42:00,0,9,8,2024
Fear,33.0,HYPE,17.25,63.41,1093.82,SELL,-5044.55,Open Short,0.0,False,0.054691,1740000000000.0,08:10:00,0,18,4,2025
Neutral,45.0,POPCAT,0.24886,471.0,117.21,BUY,-38442.0,Close Short,5.337372,True,0.041024,1740000000000.0,21:21:00,1,13,4,2025
Greed,74.0,FTT,3.27,3.4,11.12,BUY,-5552.8,Close Short,0.091154,False,0.001066,1730000000000.0,17:15:00,1,11,12,2024
Greed,55.0,@107,24.389,61.75,1506.02,SELL,61.75392158,Sell,17.696069,True,0.527107,1740000000000.0,05:05:00,1,21,2,2025
Extreme Greed,82.0,ETH,3387.3,0.125,423.41,SELL,2.7627,Close Long,4.81125,True,0.148194,1730000000000.0,12:35:00,1,25,11,2024
Fear,26.0,ETH,2440.1,1.66,4050.57,SELL,561.7836,Close Long,35.6402,True,1.36099,1740000000000.0,22:10:00,1,2,3,2025
Neutral,49.0,HYPE,21.472,2.0,42.94,BUY,102592.72,Open Long,0.0,False,0.004122,1740000000000.0,13:36:00,0,24,2,2025
Fear,25.0,FARTCOIN,0.90853,705.8,641.24,SELL,-14294.2,Open Short,0.0,True,0.224434,1740000000000.0,21:11:00,0,11,4,2025
Greed,60.0,BTC,43252.0,0.99181,42897.77,SELL,2.14641,Close Long,-37.887142,True,10.724441,1710000000000.0,04:41:00,0,31,1,2024
Extreme Fear,20.0,HYPE,17.604,50.0,880.2,SELL,215502.59,Close Long,49.455,True,0.26406,1740000000000.0,04:20:00,1,5,3,2025
Neutral,45.0,HYPE,17.122,14.32,245.19,SELL,-2435.93,Open Short,0.0,True,0.073556,1740000000000.0,15:53:00,0,24,3,2025
Extreme Greed,82.0,ADA,0.77889,63.0,49.07,SELL,-733.0,Open Short,0.0,True,0.017174,1730000000000.0,20:56:00,0,21,11,2024
Greed,72.0,@107,23.917,24.92,596.01,SELL,2395.487722,Sell,53.357231,True,0.208604,1740000000000.0,11:37:00,1,28,1,2025
Extreme Greed,81.0,PURR/USDC,0.44234,100.0,44.23,BUY,7476.01949,Buy,0.0,True,0.03359,1730000000000.0,04:37:00,0,18,12,2024
Extreme Greed,75.0,@107,27.071,19.0,514.35,SELL,28537.95715,Sell,26.232322,True,0.154304,1730000000000.0,17:22:00,1,19,12,2024
Greed,71.0,BTC,44169.0,0.01177,519.87,SELL,1.13085,Close Long,-0.422543,True,0.129967,1700000000000.0,03:46:00,0,8,1,2024
Neutral,49.0,HYPE,21.595,10.73,231.71,BUY,68677.3,Open Long,0.0,False,0.022244,1740000000000.0,12:48:00,0,24,2,2025
Fear,26.0,PENDLE,3.0789,4.0,12.32,SELL,2383.0,Close Long,0.50612,True,0.00431,1740000000000.0,23:17:00,1,2,3,2025
Greed,64.0,ETH,2295.2,4.2288,9705.94,BUY,9.0233,Open Long,0.0,True,2.426485,1710000000000.0,04:25:00,0,6,2,2024
Extreme Greed,75.0,@107,24.669,10.0,246.69,BUY,32394.39184,Buy,0.0,True,0.00335996,1730000000000.0,02:40:00,0,19,12,2024
Extreme Fear,10.0,HYPE,20.8,14.57,303.06,BUY,-4815.86,Close Short,-0.887313,False,0.015152,1740000000000.0,12:48:00,0,27,2,2025
Neutral,47.0,HYPE,25.86,0.45,11.64,SELL,616.39,Close Long,0.00378,True,0.003491,1740000000000.0,03:54:00,1,18,2,2025
Neutral,45.0,HYPE,17.062,486.52,8301.0,BUY,-892.22,Close Short,67.091108,True,2.490301,1740000000000.0,17:54:00,1,24,3,2025
Extreme Greed,76.0,@123,35.0,1.65,57.75,BUY,5997.900002,Buy,0.0,True,0.00057748,1730000000000.0,20:59:00,0,13,12,2024
Neutral,49.0,HYPE,20.89,9.57,199.92,BUY,184.49,Open Long,0.0,True,0.069971,1740000000000.0,14:31:00,0,24,2,2025
Greed,74.0,WLD,2.4106,524.9,1265.32,SELL,-3208.3,Open Short,0.0,True,0.442863,1720000000000.0,11:04:00,0,29,7,2024
Fear,25.0,MELANIA,0.496,1628.5,807.74,SELL,-1116359.4,Open Short,0.0,False,0.077542,1740000000000.0,07:58:00,0,11,4,2025
Neutral,49.0,VINE,0.14787,7337.0,1084.92,SELL,46760.0,Close Long,4.387526,True,0.379722,1740000000000.0,10:08:00,1,6,2,2025
Greed,64.0,BTC,42909.0,0.17517,7516.37,SELL,2.35897,Close Long,3.976359,False,-0.150327,1710000000000.0,08:14:00,1,6,2,2024
Fear,25.0,HYPE,19.454,82.25,1600.09,BUY,-179.83,Close Short,17.1738,True,0.560032,1740000000000.0,21:34:00,1,25,2,2025
Greed,74.0,@107,30.0,250.0,7500.0,BUY,33500.27407,Buy,0.0,True,0.075,1730000000000.0,21:19:00,0,20,12,2024
Extreme Fear,23.0,XRP,1.998,4100.0,8191.8,SELL,-57066.0,Open Short,0.0,False,0.81918,1740000000000.0,00:11:00,0,7,4,2025
Extreme Fear,20.0,BTC,88257.0,0.63,55601.91,BUY,-4.18179,Close Short,195.867,True,16.680572,1740000000000.0,20:51:00,1,5,3,2025
Fear,25.0,HYPE,11.504,179.87,2069.22,SELL,26515.86,Close Long,0.971298,True,0.620767,1740000000000.0,22:37:00,1,3,4,2025
Extreme Fear,20.0,SOL,126.15,8.0,1009.2,SELL,2863.04,Close Long,2.7024,True,0.2523,1740000000000.0,04:39:00,1,10,3,2025
Extreme Greed,81.0,PENGU,0.028739,9712.0,279.11,BUY,-9712.0,Close Short,0.116544,True,0.093781,1730000000000.0,07:49:00,1,18,12,2024
Extreme Greed,75.0,COMP,91.04,9.08,826.64,SELL,42.6,Close Long,29.056,False,0.079357,1730000000000.0,01:39:00,1,19,12,2024
Neutral,49.0,BERA,12.694,257.6,3269.97,BUY,121.2,Open Long,0.0,True,1.144491,1740000000000.0,20:19:00,0,6,2,2025
Fear,32.0,TRUMP,8.01,63.2,506.23,SELL,-47368.6,Open Short,0.0,False,0.048598,1750000000000.0,08:41:00,0,19,4,2025
Extreme Fear,20.0,HYPE,17.234,58.02,999.92,BUY,-1686.35,Close Short,35.096298,True,0.299975,1740000000000.0,09:39:00,1,5,3,2025
Fear,28.0,HYPE,11.307,23.94,270.69,BUY,15058.36,Open Long,0.0,True,0.081206,1740000000000.0,16:40:00,0,4,4,2025
Extreme Greed,83.0,HYPE,21.29,5.0,106.45,SELL,989.19,Close Long,2.435,False,0.005322,1730000000000.0,12:47:00,1,14,12,2024
Fear,38.0,HYPE,15.984,12.51,199.96,SELL,-9195.01,Open Short,0.0,True,0.069985,1740000000000.0,00:43:00,0,15,4,2025
Greed,72.0,HYPE,19.2,222.23,4266.82,SELL,-11135.88,Open Short,0.0,False,0.21334,1750000000000.0,05:06:00,0,23,4,2025
Fear,44.0,HYPE,13.727,145.58,1998.38,SELL,191706.78,Close Long,149.758146,True,0.699431,1740000000000.0,17:27:00,1,2,4,2025
Neutral,47.0,HYPE,23.708,24.2,573.73,BUY,-25823.16,Close Short,42.19512,True,0.200806,1740000000000.0,21:11:00,1,18,2,2025
Neutral,49.0,HYPE,21.663,54.87,1188.65,BUY,9337.16,Open Long,0.0,True,0.416027,1740000000000.0,13:22:00,0,24,2,2025
Neutral,50.0,BTC,93720.0,0.0125,1171.5,BUY,0.1551,Open Long,0.0,True,0.410025,1740000000000.0,19:24:00,0,10,1,2025
Extreme Greed,75.0,FTT,2.547,51.9,132.19,BUY,-158.0,Close Short,8.106261,True,0.044415,1730000000000.0,07:50:00,1,19,12,2024
Neutral,49.0,@107,24.386,25.71,626.96,BUY,269.7612999,Buy,0.0,True,0.00899848,1740000000000.0,12:05:00,0,20,2,2025
Greed,60.0,BTC,43529.0,0.045,1958.8,SELL,0.0,Open Short,0.0,True,0.489701,1710000000000.0,03:49:00,0,31,1,2024
Fear,25.0,HYPE,20.267,10.71,217.06,BUY,139283.8,Open Long,0.0,False,0.020836,1740000000000.0,03:44:00,0,25,2,2025
Fear,34.0,@107,13.236,56.28,744.92,SELL,2880.564665,Sell,10.751769,True,0.223476,1740000000000.0,15:39:00,1,12,3,2025
Fear,39.0,PAXG,3363.0,1.733,5828.08,SELL,-123.461,Open Short,0.0,False,0.279746,1750000000000.0,03:55:00,0,21,4,2025
Neutral,53.0,@4,2.6966,10.0,26.97,SELL,4176.0,Sell,0.0,True,0.009438,1720000000000.0,19:52:00,0,22,6,2024
Neutral,45.0,HYPE,15.642,127.21,1989.82,SELL,7787.72,Close Long,4.70677,True,0.596945,1740000000000.0,00:06:00,1,24,3,2025
Fear,32.0,ETH,2034.0,0.26,528.84,SELL,13.34,Close Long,1.0478,False,0.052884,1740000000000.0,19:39:00,1,19,3,2025
Fear,26.0,ONDO,1.1765,62.0,72.94,BUY,500.0,Open Long,0.0,False,0.003647,1740000000000.0,23:58:00,0,2,3,2025
Fear,34.0,HYPE,14.4,12.4,178.56,SELL,58971.83,Close Long,13.84956,False,0.0,1740000000000.0,01:20:00,1,12,3,2025
Neutral,49.0,HYPE,22.001,168.32,3703.21,SELL,73500.47,Close Long,17.942912,True,1.244277,1740000000000.0,18:55:00,1,24,2,2025
Greed,74.0,ZRO,5.27,9.5,50.06,BUY,-22439.8,Close Short,-3.583875,False,0.005006,1720000000000.0,08:36:00,0,21,7,2024
Fear,44.0,ETH,2654.5,4.0,10618.0,SELL,381.8358,Close Long,-28.84,False,0.5309,1740000000000.0,20:52:00,0,3,2,2025
Greed,70.0,@107,26.875,8.13,218.49,BUY,265.236133,Buy,0.0,True,0.00284546,1740000000000.0,21:33:00,0,30,1,2025
Fear,39.0,BTC,82024.0,1e-05,0.82,SELL,3.14148,Close Long,-0.005069,False,4.1e-05,1740000000000.0,00:32:00,0,10,4,2025
Neutral,49.0,HYPE,21.496,0.89,19.13,BUY,96061.86,Open Long,0.0,False,0.001836,1740000000000.0,13:35:00,0,24,2,2025
Extreme Greed,78.0,PENGU,0.040503,61723.0,2499.97,BUY,-168954.0,Close Short,187.576197,True,0.874988,1740000000000.0,20:48:00,1,7,1,2025
Greed,69.0,HYPE,23.171,9.99,231.48,SELL,-248.68,Open Short,0.0,True,0.081017,1740000000000.0,01:27:00,0,9,1,2025
Fear,44.0,@107,22.488,19.39,436.04,BUY,3045.498048,Buy,0.0,True,0.00651498,1740000000000.0,14:21:00,0,8,2,2025
Extreme Fear,24.0,HYPE,13.42,10.0,134.2,BUY,53577.26,Open Long,0.0,False,0.0,1740000000000.0,05:54:00,0,11,3,2025
Greed,74.0,ZRO,5.13,4.2,21.55,BUY,-26567.4,Close Short,-0.99645,False,0.002154,1720000000000.0,01:23:00,0,21,7,2024
Greed,72.0,APE,1.3255,188.6,249.99,SELL,0.0,Open Short,0.0,True,0.087496,1720000000000.0,22:52:00,0,29,5,2024
Fear,34.0,@107,12.478,25.0,311.95,SELL,1060.723629,Sell,3.420311,True,0.109182,1740000000000.0,07:43:00,1,31,3,2025
Extreme Greed,77.0,TRUMP,33.641,1.8,60.55,SELL,-467.0,Open Short,0.0,False,0.006055,1740000000000.0,10:06:00,0,19,1,2025
Neutral,49.0,HYPE,24.647,18.7,460.9,BUY,69.16,Open Long,0.0,False,0.023044,1740000000000.0,08:46:00,0,20,2,2025
Neutral,46.0,@107,22.9,213.01,4877.93,BUY,1844.389766,Buy,0.0,False,0.02130096,1740000000000.0,00:59:00,0,12,2,2025
Extreme Greed,75.0,@107,25.376,3708.62,94109.94,SELL,30198.86021,Sell,684.910563,True,28.232982,1730000000000.0,13:13:00,1,19,12,2024
Fear,32.0,HYPE,14.568,153.67,2238.66,BUY,-1457.31,Close Short,-14.491081,True,0.671599,1740000000000.0,15:30:00,0,19,3,2025
Fear,27.0,@8,0.029557,5334.0,157.66,BUY,724325.3721,Buy,0.0,True,1.86686,1720000000000.0,01:32:00,0,16,8,2024
Extreme Fear,21.0,HYPE,19.961,576.94,11516.3,SELL,102362.84,Close Long,72.809828,False,0.552781,1740000000000.0,01:39:00,1,26,2,2025
Greed,60.0,FARTCOIN,0.68825,727.0,500.36,SELL,150298.6,Close Long,29.74884,True,0.175125,1740000000000.0,06:52:00,1,2,2,2025
Extreme Greed,79.0,@107,26.02,7.73,201.13,BUY,7543.637519,Buy,0.0,False,0.00038647,1740000000000.0,06:51:00,0,26,12,2024
Neutral,46.0,ETH,2644.9,0.7554,1997.96,SELL,-1631.5812,Open Short,0.0,False,0.0,1740000000000.0,08:50:00,0,9,2,2025
Fear,37.0,SOL,138.99,7.27,1010.46,BUY,-4898.37,Close Short,0.157759,True,0.291011,1750000000000.0,14:36:00,1,20,4,2025
Neutral,47.0,FTT,2.2819,68.1,155.4,BUY,-1334.1,Close Short,1.227843,True,0.052213,1740000000000.0,07:29:00,1,18,2,2025
Greed,72.0,MELANIA,0.5157,9695.5,4999.97,BUY,-526706.0,Close Short,390.049965,True,1.679989,1750000000000.0,22:16:00,1,23,4,2025
Fear,25.0,SOL,148.3,12.56,1862.65,BUY,-8002.8,Close Short,4.022968,False,0.089406,1740000000000.0,08:58:00,1,6,3,2025
Neutral,49.0,HYPE,22.635,21.12,478.05,BUY,7266.65,Open Long,0.0,True,0.167317,1740000000000.0,07:14:00,0,24,2,2025
Neutral,52.0,SUSHI,1.0497,480.5,504.38,SELL,0.0,Open Short,0.0,True,0.126095,1710000000000.0,02:45:00,0,20,1,2024
Fear,32.0,BTC,83396.0,0.0003,25.02,SELL,3.9791,Close Long,0.2046,False,0.002501,1740000000000.0,13:58:00,1,19,3,2025
Greed,70.0,SEI,0.34937,13339.0,4660.25,BUY,56269.0,Open Long,0.0,True,1.165061,1700000000000.0,02:16:00,0,23,12,2023
Greed,61.0,BIO,0.070095,713.0,49.98,SELL,246724.0,Close Long,-0.074865,False,0.004997,1750000000000.0,22:03:00,0,27,4,2025
Fear,25.0,HYPE,11.122,17.98,199.97,BUY,83138.85,Open Long,0.0,True,0.059992,1740000000000.0,19:35:00,0,3,4,2025
Extreme Greed,80.0,HYPE,24.456,34.15,835.17,BUY,298.64,Open Long,0.0,False,0.041758,1730000000000.0,05:51:00,0,15,12,2024
Fear,27.0,HYPE,12.873,705.91,9087.18,SELL,31681.28,Close Long,69.108589,False,0.0,1740000000000.0,09:52:00,1,14,3,2025
Fear,44.0,HYPE,13.552,1.03,13.96,SELL,70633.06,Close Long,0.879311,True,0.004885,1740000000000.0,18:22:00,1,2,4,2025
Neutral,47.0,HYPE,15.559,60.97,948.63,BUY,10786.93,Open Long,0.0,True,0.284589,1740000000000.0,19:04:00,0,26,3,2025
Neutral,49.0,@107,22.675,55.03,1247.81,SELL,4926.926466,Sell,-32.468656,True,0.436731,1740000000000.0,07:09:00,0,24,2,2025
Extreme Greed,77.0,@107,22.1,91.49,2021.93,SELL,1425.698567,Sell,-3.397719,False,0.202192,1740000000000.0,05:32:00,0,19,1,2025
Fear,32.0,MAVIA,0.3434,5332.4,1831.15,SELL,11266.4,Close Long,87.611332,True,0.615264,1740000000000.0,01:28:00,1,22,3,2025
Extreme Greed,80.0,TNSR,0.60925,641.1,390.59,SELL,-3004.9,Open Short,0.0,True,0.136706,1730000000000.0,10:52:00,0,24,11,2024
Greed,65.0,@107,18.17,0.6,10.9,SELL,57.91532469,Sell,-0.544378,True,0.00327,1750000000000.0,06:35:00,0,26,4,2025
Extreme Fear,15.0,S,0.521,13996.0,7291.92,BUY,-123650.0,Close Short,-1298.8288,False,0.700023,1740000000000.0,07:51:00,0,4,3,2025
Greed,72.0,HYPE,25.019,3.0,75.06,BUY,501.11,Open Long,0.0,False,0.007505,1740000000000.0,10:01:00,0,4,2,2025
Greed,72.0,MELANIA,0.51556,88.0,45.37,BUY,-186177.5,Close Short,3.55256,True,0.015243,1750000000000.0,22:22:00,1,23,4,2025
Extreme Greed,83.0,PURR/USDC,0.58412,100.0,58.41,SELL,36899.44133,Sell,31.73735,True,0.020444,1730000000000.0,14:23:00,1,14,12,2024
Extreme Greed,79.0,FTT,3.75,13.0,48.75,SELL,-3896.6,Open Short,0.0,False,0.00468,1740000000000.0,20:06:00,0,26,12,2024
Neutral,50.0,@107,25.271,12.5,315.89,SELL,834.7296571,Sell,26.699954,True,0.11056,1740000000000.0,03:52:00,1,13,2,2025
Extreme Fear,20.0,PURR/USDC,0.07524,62615.0,4711.15,BUY,1941392.36,Buy,0.0,True,21.91524,1740000000000.0,00:06:00,0,10,3,2025
Greed,60.0,AI16Z,0.24504,909.5,222.86,SELL,-1003.8,Open Short,0.0,True,0.078002,1750000000000.0,13:37:00,0,25,4,2025
Neutral,49.0,HYPE,23.786,84.98,2021.33,SELL,-2692.94,Open Short,0.0,True,0.707466,1740000000000.0,01:00:00,0,20,2,2025
Extreme Greed,78.0,@107,12.311,20.29,249.79,BUY,5138.634145,Buy,0.0,True,0.00681731,1730000000000.0,02:32:00,0,10,12,2024
Fear,34.0,HYPE,11.45,3.55,40.65,BUY,20840.02,Open Long,0.0,False,0.002032,1740000000000.0,15:53:00,0,6,4,2025
Extreme Greed,87.0,FTT,3.1305,79.3,248.25,SELL,-4095.4,Open Short,0.0,True,0.083411,1730000000000.0,11:19:00,0,17,12,2024
Extreme Fear,24.0,BTC,77648.0,0.75815,58868.83,SELL,2.16905,Close Long,63.83623,True,17.660649,1740000000000.0,22:21:00,1,8,4,2025
Greed,72.0,BTC,94250.0,0.00043,40.53,BUY,-2.10752,Close Short,-1.16057,False,0.004052,1750000000000.0,14:25:00,0,23,4,2025
Neutral,50.0,BTC,39476.0,0.97452,38470.15,BUY,-0.97452,Close Short,-18.223524,True,9.617537,1710000000000.0,22:57:00,0,23,1,2024
Greed,65.0,BTC,94591.0,0.00752,711.32,BUY,68.7043,Open Long,0.0,True,0.163604,1750000000000.0,05:12:00,0,26,4,2025
Greed,70.0,FARTCOIN,0.71366,19.5,13.92,BUY,-28766.7,Close Short,0.23283,False,0.001335,1730000000000.0,22:23:00,1,23,12,2024
Extreme Fear,24.0,MELANIA,0.70227,5547.9,3896.12,SELL,133372.5,Close Long,424.525308,True,1.309097,1740000000000.0,07:20:00,1,11,3,2025
Neutral,49.0,HYPE,22.0,3.0,66.0,SELL,12427.36,Close Long,0.2247,False,0.0066,1740000000000.0,18:51:00,1,24,2,2025
Greed,72.0,FARTCOIN,0.8169,8541.3,6977.39,BUY,-301757.4,Close Short,41.766957,True,2.442085,1740000000000.0,05:30:00,1,29,1,2025
Extreme Fear,23.0,BTC,77768.0,0.02546,1979.97,SELL,-1.97454,Open Short,0.0,True,0.69299,1740000000000.0,05:05:00,0,7,4,2025
Extreme Greed,80.0,@107,22.75,16.32,371.28,BUY,5922.790888,Buy,0.0,False,0.00156668,1730000000000.0,02:08:00,0,15,12,2024
Fear,28.0,HYPE,15.914,62.8,999.4,SELL,6937.47,Close Long,13.16288,True,0.349789,1740000000000.0,20:16:00,1,8,3,2025
Greed,63.0,SOL,149.29,264.99,39560.36,BUY,-5654.63,Close Short,384.209001,True,9.890089,1750000000000.0,00:54:00,1,24,4,2025
Extreme Greed,83.0,@107,18.25,2.05,37.41,SELL,58510.12,Sell,37.41248,False,0.003741,1730000000000.0,18:55:00,1,12,12,2024
Fear,44.0,JELLY,0.005498,72012.0,395.92,BUY,-3353131.0,Close Short,6.193032,True,0.133029,1740000000000.0,17:35:00,1,19,2,2025
Fear,40.0,MELANIA,0.6595,120920.1,79746.81,BUY,-553933.8,Close Short,4920.238869,False,7.97468,1740000000000.0,17:00:00,1,27,3,2025
Fear,25.0,HYPE,11.715,10.0,117.15,BUY,40838.3,Open Long,0.0,False,0.005857,1740000000000.0,15:24:00,0,3,4,2025
Extreme Greed,78.0,ETH,3116.2,0.1961,611.09,SELL,-3.8763,Open Short,0.0,True,0.21388,1730000000000.0,05:34:00,0,10,11,2024
Fear,32.0,HYPE,12.491,2.52,31.48,BUY,519.41,Open Long,0.0,True,0.009443,1740000000000.0,19:59:00,0,30,3,2025
Fear,27.0,HYPE,13.667,361.21,4936.66,SELL,21973.97,Close Long,236.195219,True,1.727829,1740000000000.0,18:16:00,1,14,3,2025
Fear,43.0,BTC,83265.0,0.44,36636.6,SELL,-1.07206,Open Short,0.0,True,10.551339,1740000000000.0,04:55:00,0,12,4,2025
Fear,44.0,@107,24.481,81.24,1988.84,SELL,2635.235776,Sell,59.020315,True,0.696092,1740000000000.0,08:30:00,1,7,2,2025
Extreme Greed,83.0,@107,26.7,0.81,21.63,SELL,36777.96934,Sell,5.573244,False,0.001081,1730000000000.0,13:18:00,1,16,12,2024
Extreme Fear,15.0,@107,16.393,5.0,81.97,BUY,3311.721691,Buy,0.0,True,0.00174995,1740000000000.0,07:31:00,0,4,3,2025
Fear,43.0,BTC,97551.0,0.15427,15049.19,SELL,0.15427,Close Long,51.52618,True,4.514757,1740000000000.0,15:15:00,1,10,2,2025
Greed,61.0,HYPE,17.366,48.42,840.86,BUY,3754.88,Open Long,0.0,True,0.252258,1750000000000.0,11:46:00,0,27,4,2025
Greed,70.0,ZRO,5.38,49.0,263.62,BUY,-22579.7,Close Short,-15.51634,False,0.026362,1720000000000.0,17:45:00,0,22,7,2024
Fear,29.0,BTC,83222.0,2.0,166444.0,BUY,-4.0,Close Short,3088.0,False,8.3222,1740000000000.0,05:49:00,1,16,4,2025
Greed,63.0,SOL,149.34,11.72,1750.26,BUY,-155.65,Close Short,16.406828,True,0.437566,1750000000000.0,00:54:00,1,24,4,2025
Extreme Greed,75.0,TNSR,0.51692,1935.3,1000.4,SELL,-31479.5,Open Short,0.0,True,0.350138,1730000000000.0,22:06:00,0,9,11,2024
Neutral,47.0,HYPE,18.602,94.42,1756.4,SELL,-3215.7,Open Short,0.0,True,0.52692,1750000000000.0,18:21:00,0,22,4,2025
Greed,69.0,OP,1.7814,124.6,221.96,SELL,0.0,Open Short,0.0,True,0.077686,1740000000000.0,03:23:00,0,9,1,2025
Greed,73.0,@107,28.216,83.0,2341.93,SELL,1051.09,Sell,-2.785243,True,0.585482,1740000000000.0,18:43:00,0,24,12,2024
Greed,56.0,@142,93483.0,0.00495,462.74,BUY,1.224551247,Buy,0.0,False,4.95e-07,1750000000000.0,19:23:00,0,30,4,2025
Fear,25.0,HYPE,19.034,105.64,2010.75,SELL,4450.25,Close Long,157.012732,True,0.703763,1740000000000.0,19:19:00,1,25,2,2025
Greed,57.0,ETH,2973.3,1.27,3776.09,SELL,12.1571,Close Long,93.6117,True,1.321631,1720000000000.0,13:33:00,1,13,5,2024
Extreme Greed,82.0,ADA,0.78956,18.0,14.21,BUY,-470.0,Close Short,-0.00504,True,0.004974,1730000000000.0,17:01:00,0,21,11,2024
Fear,25.0,@107,18.551,106.96,1984.21,SELL,314.2760085,Sell,-42.530613,True,0.694475,1740000000000.0,08:59:00,0,25,2,2025
Greed,72.0,@107,18.99,435.15,8263.5,BUY,64.84351537,Buy,0.0,False,0.04351495,1750000000000.0,04:51:00,0,23,4,2025
Fear,32.0,HYPE,14.967,35.91,537.46,SELL,-3667.21,Open Short,0.0,True,0.180587,1740000000000.0,21:00:00,0,19,3,2025
Extreme Greed,87.0,FTT,3.05,33.2,101.26,SELL,-2806.8,Open Short,0.0,False,0.00972,1730000000000.0,09:08:00,0,17,12,2024
Fear,44.0,SUI,2.7382,183.5,502.46,BUY,5572.1,Open Long,0.0,True,0.168825,1740000000000.0,07:30:00,0,3,2,2025
Neutral,49.0,HYPE,21.09,10.0,210.9,BUY,24791.51,Open Long,0.0,False,0.020246,1740000000000.0,20:21:00,0,24,2,2025
Fear,26.0,HYPE,12.65,39.52,499.93,BUY,66585.53,Open Long,0.0,True,0.174974,1740000000000.0,15:08:00,0,29,3,2025
Greed,73.0,SUI,4.65,7.3,33.95,SELL,-441.8,Open Short,0.0,False,0.003258,1740000000000.0,03:41:00,0,25,12,2024
Neutral,45.0,FARTCOIN,0.60609,49.4,29.94,SELL,-466.7,Open Short,0.0,True,0.010479,1740000000000.0,22:19:00,0,24,3,2025
Greed,55.0,BERA,8.9429,55.9,499.91,SELL,17411.2,Close Long,106.236832,False,0.04999,1740000000000.0,05:07:00,1,21,2,2025
Greed,64.0,ETH,2296.1,2.6131,5999.94,BUY,-6.5205,Close Short,-8.544837,False,-0.119998,1710000000000.0,02:24:00,0,6,2,2024
Extreme Fear,23.0,HYPE,10.828,76.33,826.5,BUY,7507.02,Open Long,0.0,True,0.24795,1740000000000.0,20:03:00,0,7,4,2025
Fear,25.0,HYPE,20.577,24.3,500.02,BUY,56453.07,Open Long,0.0,True,0.168006,1740000000000.0,02:34:00,0,25,2,2025
Fear,32.0,MELANIA,0.70816,1129.6,799.94,SELL,-447711.1,Open Short,0.0,False,0.079993,1740000000000.0,09:50:00,0,19,3,2025
Neutral,47.0,POPCAT,0.31152,1605.0,499.99,SELL,-219323.0,Open Short,0.0,True,0.174996,1750000000000.0,16:42:00,0,22,4,2025
Fear,39.0,PAXG,3088.2,0.165,509.55,BUY,-62.126,Close Short,0.11418,True,0.171209,1740000000000.0,00:08:00,1,10,4,2025
Extreme Greed,75.0,WLD,6.331,615.4,3896.1,BUY,2281.5,Open Long,0.0,False,-0.077921,1710000000000.0,09:50:00,0,19,2,2024
Greed,60.0,ETH,2372.4,0.1263,299.63,SELL,21.0571,Close Long,-0.023997,True,0.074908,1710000000000.0,04:01:00,0,31,1,2024
Fear,25.0,HYPE,12.6,1155.48,14559.05,SELL,17654.71,Close Long,-14.096856,False,0.727952,1740000000000.0,08:24:00,0,3,4,2025
Extreme Greed,77.0,TRUMP,70.668,1.4,98.94,BUY,-11.4,Close Short,-29.938398,True,0.034627,1740000000000.0,18:35:00,0,19,1,2025
Fear,34.0,SOL,127.91,100.0,12791.0,BUY,-3816.55,Close Short,11.04,True,3.19775,1740000000000.0,00:25:00,1,12,3,2025
Fear,44.0,BTC,95980.0,0.00719,690.1,BUY,0.01417,Open Long,0.0,False,0.034504,1740000000000.0,21:26:00,0,19,2,2025
Greed,63.0,GRIFFAIN,0.050575,1080.0,54.62,BUY,-1080.0,Close Short,4.98528,True,0.019117,1750000000000.0,07:02:00,1,24,4,2025
Extreme Greed,76.0,@107,27.75,1.46,40.52,SELL,2555.696091,Sell,7.153929,False,0.003888,1740000000000.0,04:20:00,1,31,1,2025
Extreme Greed,75.0,@107,25.449,37.05,942.89,BUY,32938.20597,Buy,0.0,True,0.01111497,1730000000000.0,20:21:00,0,19,12,2024
Fear,28.0,HYPE,11.438,175.94,2012.4,BUY,2342.37,Open Long,0.0,True,0.70434,1740000000000.0,18:43:00,0,4,4,2025
Greed,72.0,kBONK,0.0157,7501.0,117.77,BUY,-1641871.0,Close Short,-2.670356,False,0.011776,1750000000000.0,19:07:00,0,23,4,2025
Extreme Fear,16.0,HYPE,20.853,9.59,199.98,SELL,-401.85,Open Short,0.0,True,0.059994,1740000000000.0,05:02:00,0,28,2,2025
Greed,68.0,ETH,3250.7,3.1246,10157.14,SELL,17.6813,Close Long,96.331418,True,3.554998,1720000000000.0,08:38:00,1,26,7,2024
Greed,72.0,FARTCOIN,1.1775,445.9,525.05,BUY,456990.9,Open Long,0.0,True,0.183766,1750000000000.0,03:30:00,0,23,4,2025
Fear,39.0,BTC,80392.0,0.00019,15.27,BUY,-10.35556,Close Short,0.146908,False,0.001465,1740000000000.0,20:53:00,1,10,4,2025
Extreme Greed,83.0,HYPE,19.468,15.24,296.69,SELL,1902.06,Close Long,3.823716,False,0.014834,1730000000000.0,05:24:00,1,14,12,2024
Greed,63.0,BTC,94201.0,0.16613,15649.61,BUY,0.0,Open Long,0.0,True,4.694883,1740000000000.0,04:11:00,0,14,1,2025
Neutral,48.0,BTC,96533.0,0.00604,583.06,BUY,0.21917,Open Long,0.0,False,0.029152,1740000000000.0,18:55:00,0,14,2,2025
Extreme Greed,83.0,HYPE,19.83,0.9,17.85,SELL,332.43,Close Long,0.0891,False,0.000892,1730000000000.0,07:28:00,1,14,12,2024
Fear,30.0,MELANIA,0.418,6685.2,2794.41,SELL,-2075627.1,Open Short,0.0,False,0.268263,1740000000000.0,23:35:00,0,17,4,2025
Extreme Greed,81.0,PENGU,0.03203,1717.0,55.0,SELL,-9760.0,Open Short,0.0,True,0.019248,1730000000000.0,19:48:00,0,18,12,2024
Fear,29.0,BTC,84755.0,0.04505,3818.21,BUY,29.29573,Open Long,0.0,True,0.878188,1740000000000.0,22:08:00,0,16,4,2025
Greed,72.0,FARTCOIN,0.82292,638.0,525.02,SELL,-137487.3,Open Short,0.0,True,0.183758,1740000000000.0,03:59:00,0,29,1,2025
Fear,34.0,HYPE,14.2,413.27,5868.43,SELL,11820.05,Close Long,378.927263,True,1.467108,1740000000000.0,01:40:00,1,12,3,2025
Fear,32.0,@107,16.818,12.5,210.23,SELL,1079.006964,Sell,0.549708,True,0.073578,1750000000000.0,02:48:00,1,19,4,2025
Greed,72.0,ZETA,2.655,41.4,109.92,BUY,-4253.9,Close Short,2.91456,False,-0.002198,1710000000000.0,22:58:00,1,15,2,2024
Greed,72.0,RNDR,5.192,743.5,3860.25,BUY,0.0,Open Long,0.0,False,-0.077205,1710000000000.0,04:05:00,0,16,2,2024
Extreme Fear,20.0,HYPE,14.473,34.55,500.04,SELL,2936.44,Close Long,6.11535,True,0.150012,1740000000000.0,20:46:00,1,10,3,2025
Extreme Fear,23.0,BTC,77461.0,0.00019,14.72,BUY,4.95909,Open Long,0.0,True,0.005151,1740000000000.0,09:43:00,0,7,4,2025
Fear,34.0,HYPE,12.948,38.62,500.05,SELL,1370.14,Close Long,-1.595006,True,0.150015,1740000000000.0,12:12:00,0,18,3,2025
Extreme Greed,77.0,PURR/USDC,0.20878,250.0,52.2,SELL,213740.8547,Sell,2.006116,True,0.018268,1740000000000.0,01:04:00,1,19,1,2025
Extreme Greed,78.0,@107,12.676,167.67,2125.38,BUY,3331.163686,Buy,0.0,True,0.05868444,1730000000000.0,12:47:00,0,9,12,2024
Fear,33.0,BTC,93669.0,0.00036,33.72,SELL,-0.07391,Open Short,0.0,True,0.011329,1740000000000.0,01:31:00,0,3,3,2025
Extreme Greed,75.0,SUI,4.1098,192.4,790.73,BUY,2292.4,Open Long,0.0,False,0.079072,1730000000000.0,08:09:00,0,19,12,2024
Greed,55.0,ETH,2264.3,4.417,10001.41,SELL,13.096,Close Long,2.69437,True,2.500353,1710000000000.0,00:40:00,1,29,1,2024
Fear,38.0,BTC,84164.0,0.00015,12.62,BUY,34.33663,Open Long,0.0,True,0.003156,1740000000000.0,23:52:00,0,15,4,2025
Fear,29.0,LAYER,2.1343,1405.0,2998.69,SELL,-23708.0,Open Short,0.0,False,0.299869,1740000000000.0,23:04:00,0,16,4,2025
Neutral,49.0,HYPE,21.47,2.0,42.94,BUY,103261.74,Open Long,0.0,False,0.004122,1740000000000.0,13:36:00,0,24,2,2025
Extreme Greed,81.0,@107,8.9655,5.58,50.03,BUY,4210.620668,Buy,0.0,True,0.00195293,1730000000000.0,23:51:00,0,1,12,2024
Greed,73.0,AI16Z,2.1041,32.1,67.54,BUY,-283.4,Close Short,2.681634,True,0.023639,1740000000000.0,00:27:00,1,4,1,2025
Neutral,50.0,ONDO,1.3041,415.0,541.2,BUY,15857.0,Open Long,0.0,False,0.02706,1740000000000.0,12:12:00,0,15,2,2025
Neutral,49.0,HYPE,25.715,32.99,848.34,SELL,110.06,Close Long,6.073459,False,0.084833,1740000000000.0,09:33:00,1,6,2,2025
Extreme Greed,75.0,PURR,0.2067,739.0,152.75,SELL,14122.0,Close Long,8.34331,False,0.014664,1740000000000.0,04:40:00,1,24,1,2025
Greed,56.0,@142,94269.0,0.0061,575.04,BUY,0.589185974,Buy,0.0,False,6.1e-07,1750000000000.0,03:39:00,0,30,4,2025
Greed,61.0,EIGEN,3.9777,35.78,142.32,SELL,-32994.57,Open Short,0.0,False,0.013662,1730000000000.0,11:30:00,0,30,9,2024
Neutral,49.0,HYPE,21.925,115.0,2521.38,SELL,14000.4,Close Long,-0.0115,True,0.882481,1740000000000.0,18:45:00,0,24,2,2025
Extreme Greed,87.0,FTT,2.8702,108.7,311.99,BUY,-585.3,Close Short,21.380203,True,0.104828,1730000000000.0,23:48:00,1,17,12,2024
Extreme Greed,76.0,AI16Z,0.79258,630.1,499.4,SELL,71490.8,Close Long,8.033775,False,0.047942,1740000000000.0,05:01:00,1,20,1,2025
Extreme Greed,75.0,@107,26.745,74.63,1995.98,BUY,15937.523,Buy,0.0,True,0.02238896,1730000000000.0,17:35:00,0,19,12,2024
Neutral,49.0,BERA,12.997,113.5,1475.16,BUY,-3589.9,Close Short,25.77358,True,0.495652,1740000000000.0,19:35:00,1,6,2,2025
Fear,34.0,HYPE,13.538,19.21,260.06,BUY,7913.31,Open Long,0.0,False,0.013003,1740000000000.0,14:46:00,0,12,3,2025
Neutral,46.0,HYPE,16.112,12.41,199.95,BUY,9631.77,Open Long,0.0,True,0.059984,1740000000000.0,09:34:00,0,25,3,2025
Neutral,49.0,HYPE,21.503,36.9,793.46,BUY,94209.12,Open Long,0.0,False,0.076172,1740000000000.0,13:35:00,0,24,2,2025
Fear,37.0,HYPE,17.74,28.27,501.51,BUY,-19984.75,Close Short,9.702264,True,0.144433,1750000000000.0,14:40:00,1,20,4,2025
Neutral,46.0,AIXBT,0.27183,1972.0,536.05,BUY,-1972.0,Close Short,18.51708,True,0.187617,1740000000000.0,00:40:00,1,12,2,2025
Neutral,46.0,ME,1.8063,1.0,1.81,BUY,-2661.2,Close Short,0.077,True,0.000632,1740000000000.0,03:49:00,1,9,2,2025
Greed,73.0,@107,31.9,438.87,13999.95,BUY,17027.42414,Buy,0.0,False,0.02194347,1730000000000.0,21:50:00,0,21,12,2024
Greed,60.0,BTC,43209.0,0.00026,11.23,SELL,-0.05783,Open Short,0.0,True,0.002808,1710000000000.0,04:43:00,0,31,1,2024
Extreme Fear,20.0,SOL,146.64,25.0,3666.0,SELL,75.0,Close Long,420.8625,True,1.2831,1740000000000.0,00:32:00,1,1,3,2025
Fear,26.0,HYPE,13.175,121.45,1600.1,BUY,9835.5,Open Long,0.0,True,0.480031,1740000000000.0,09:46:00,0,29,3,2025
Neutral,50.0,BTC,97340.0,0.00011,10.71,BUY,0.15958,Open Long,0.0,False,0.000535,1740000000000.0,02:03:00,0,13,2,2025
Neutral,49.0,HYPE,15.1,13.88,209.59,SELL,36730.01,Close Long,1.003524,True,0.073355,1740000000000.0,00:27:00,1,20,3,2025
Neutral,50.0,BTC,97984.0,0.00582,570.27,BUY,0.19982,Open Long,0.0,False,0.028513,1740000000000.0,01:02:00,0,15,2,2025
Neutral,49.0,HYPE,22.063,40.0,882.52,SELL,1765.01,Close Long,6.744,True,0.296526,1740000000000.0,19:04:00,1,24,2,2025
Neutral,50.0,PENGU,0.010007,48857.0,488.91,SELL,2257724.0,Close Long,2.491707,True,0.171119,1740000000000.0,02:48:00,1,13,2,2025
Greed,70.0,@107,26.2,733.94,19229.23,BUY,16197.02863,Buy,0.0,False,0.03669698,1730000000000.0,19:13:00,0,23,12,2024
Extreme Fear,24.0,HYPE,13.42,163.94,2200.07,BUY,53675.91,Open Long,0.0,False,0.0,1740000000000.0,05:54:00,0,11,3,2025
Extreme Greed,77.0,SOL,235.97,5.0,1179.85,SELL,15.03,Close Long,2.477,True,0.412947,1730000000000.0,18:29:00,1,28,11,2024
Extreme Greed,79.0,OP,2.8705,5237.0,15032.81,SELL,10470.9,Close Long,153.9678,False,1.443148,1710000000000.0,15:06:00,1,5,4,2024
Fear,25.0,BTC,92087.0,0.04963,4570.28,BUY,8.9574,Open Long,0.0,True,1.371083,1740000000000.0,04:58:00,0,25,2,2025
Greed,70.0,PURR,0.30895,150.0,46.34,SELL,-1026.0,Open Short,0.0,False,0.004448,1740000000000.0,09:53:00,0,2,1,2025
Extreme Greed,75.0,BTC,101763.0,0.152,15467.98,BUY,5.34443,Open Long,0.0,True,3.866994,1740000000000.0,15:36:00,0,23,1,2025
Neutral,46.0,ETH,2593.9,9.0582,23496.06,BUY,70.9418,Open Long,0.0,True,8.223622,1740000000000.0,06:10:00,0,12,2,2025
Extreme Fear,24.0,HYPE,13.05,10.0,130.5,BUY,193835.15,Open Long,0.0,False,0.0,1740000000000.0,06:17:00,0,11,3,2025
Fear,27.0,HYPE,12.782,39.11,499.9,SELL,-101.0,Open Short,0.0,True,0.149971,1740000000000.0,07:47:00,0,14,3,2025
Greed,72.0,HYPE,25.521,78.43,2001.61,SELL,-3140.38,Open Short,0.0,True,0.700564,1740000000000.0,08:01:00,0,4,2,2025
Greed,69.0,ETHFI,2.4065,152.8,367.71,SELL,-54.6,Open Short,0.0,True,0.128699,1720000000000.0,20:22:00,0,17,7,2024
Greed,72.0,ETH,2864.5,0.2,572.9,SELL,-1289.7644,Open Short,0.0,False,0.028645,1740000000000.0,03:48:00,0,4,2,2025
Greed,72.0,VINE,0.146,991.0,144.69,BUY,29102.0,Open Long,0.0,False,0.014468,1740000000000.0,08:06:00,0,4,2,2025
Extreme Fear,20.0,@107,16.962,6.06,102.79,SELL,241.1118897,Sell,-0.027704,True,0.030836,1740000000000.0,11:14:00,0,5,3,2025
Neutral,47.0,HYPE,15.639,61.44,960.86,BUY,19317.26,Open Long,0.0,True,0.288258,1740000000000.0,10:17:00,0,26,3,2025
Extreme Fear,18.0,ADA,0.62165,693.0,430.8,BUY,-93439.0,Close Short,-43.841952,False,0.02154,1740000000000.0,23:08:00,0,9,4,2025
Greed,60.0,@107,24.027,49.34,1185.49,SELL,1261.859178,Sell,12.218372,True,0.414922,1740000000000.0,06:46:00,1,2,2,2025
Extreme Fear,18.0,PAXG,3080.0,0.787,2423.96,SELL,-65.625,Open Short,0.0,False,0.2327,1740000000000.0,17:32:00,0,9,4,2025
Greed,72.0,FARTCOIN,0.81031,1775.8,1438.95,BUY,-731672.6,Close Short,20.386184,True,0.503631,1740000000000.0,05:30:00,1,29,1,2025
Neutral,49.0,HYPE,24.03,69.36,1666.72,SELL,-4464.37,Open Short,0.0,True,0.583352,1740000000000.0,01:28:00,0,20,2,2025
Fear,33.0,ETH,2365.6,0.424,1003.01,BUY,-450.1912,Close Short,88.45912,False,0.05015,1740000000000.0,12:25:00,1,3,3,2025
Fear,32.0,HYPE,14.75,100.0,1475.0,BUY,8934.15,Open Long,0.0,True,0.442499,1740000000000.0,15:44:00,0,19,3,2025
Extreme Fear,18.0,ETH,1474.0,0.68,1002.32,SELL,-4.2686,Open Short,0.0,False,0.100232,1740000000000.0,05:03:00,0,9,4,2025
Fear,38.0,MOVE,0.30633,260.0,79.65,BUY,-80550.0,Close Short,3.3436,False,0.007645,1740000000000.0,07:50:00,1,15,4,2025
Greed,60.0,HYPE,18.85,28.54,537.98,SELL,-11219.93,Open Short,0.0,False,0.026898,1750000000000.0,06:07:00,0,29,4,2025
Fear,37.0,PAXG,3353.0,0.003,10.06,SELL,-18.622,Open Short,0.0,False,0.000481,1750000000000.0,01:51:00,0,20,4,2025
Extreme Fear,20.0,SOL,124.93,100.0,12493.0,BUY,234.03,Open Long,0.0,True,3.12325,1740000000000.0,06:03:00,0,10,3,2025
Extreme Fear,23.0,HYPE,10.171,288.98,2939.22,BUY,656.04,Open Long,0.0,True,1.028725,1740000000000.0,05:05:00,0,7,4,2025
Fear,39.0,FARTCOIN,0.87777,12.5,10.97,BUY,-129.4,Close Short,0.41125,True,0.00384,1750000000000.0,19:31:00,1,21,4,2025
Greed,73.0,BTC,98950.0,0.63563,62895.59,SELL,-2.22461,Open Short,0.0,True,18.868676,1740000000000.0,04:36:00,0,25,12,2024
Extreme Greed,81.0,HYPE,26.892,34.81,936.11,SELL,485.06,Close Long,16.092663,False,0.046805,1730000000000.0,15:26:00,1,18,12,2024
Extreme Fear,18.0,ETH,1454.9,0.53,771.1,SELL,543.1552,Close Long,18.5129,False,0.077109,1740000000000.0,17:30:00,1,9,4,2025
Extreme Greed,81.0,NEAR,7.938,317.5,2520.32,SELL,317.5,Close Long,90.043,True,0.846825,1710000000000.0,17:35:00,1,26,3,2024
Fear,34.0,HYPE,14.978,129.37,1937.7,BUY,1532.96,Open Long,0.0,True,0.581311,1740000000000.0,06:02:00,0,7,3,2025
Greed,71.0,PURR/USDC,0.19125,1008.0,192.78,BUY,95454.57936,Buy,0.0,True,0.3528,1740000000000.0,05:12:00,0,27,1,2025
Fear,25.0,ETH,2398.7,0.12,287.84,SELL,0.245,Close Long,4.488,True,0.100745,1740000000000.0,14:26:00,1,25,2,2025
Extreme Greed,75.0,PENDLE,3.6747,69.0,253.55,BUY,279.0,Open Long,0.0,True,0.088744,1740000000000.0,15:21:00,0,24,1,2025
Neutral,47.0,kPEPE,0.008602,116252.0,1000.0,SELL,-696191.0,Open Short,0.0,True,0.349999,1740000000000.0,20:19:00,0,26,3,2025
Extreme Greed,75.0,ORDI,57.416,9.66,554.64,SELL,-106.77,Open Short,0.0,True,0.194123,1720000000000.0,06:16:00,0,5,6,2024
Greed,72.0,BTC,91031.0,1.64779,149999.97,SELL,10.73229,Close Long,50.587153,True,34.499993,1750000000000.0,01:12:00,1,23,4,2025
Extreme Fear,20.0,SOL,119.83,33.23,3981.95,BUY,400.62,Open Long,0.0,True,0.995487,1740000000000.0,22:33:00,0,10,3,2025
Neutral,46.0,SOL,142.19,20.0,2843.8,SELL,2062.16,Close Long,135.646,True,0.99533,1740000000000.0,00:13:00,1,25,3,2025
Greed,65.0,@107,18.178,1.1,20.0,SELL,793.2453247,Sell,-0.989227,True,0.005998,1750000000000.0,06:32:00,0,26,4,2025
Extreme Fear,23.0,HYPE,10.93,457.45,4999.93,SELL,17325.79,Close Long,-26.211885,True,1.499978,1740000000000.0,19:57:00,0,7,4,2025
Greed,60.0,HYPE,18.872,100.04,1887.95,SELL,-120.44,Open Short,0.0,True,0.566386,1750000000000.0,17:22:00,0,29,4,2025
Extreme Greed,83.0,HYPE,24.059,38.77,932.77,SELL,218.12,Close Long,17.651981,False,0.046638,1730000000000.0,04:43:00,1,16,12,2024
Extreme Fear,18.0,ETH,1456.0,0.69,1004.64,BUY,-22.492,Close Short,3.1533,False,0.100464,1740000000000.0,18:55:00,1,9,4,2025
Fear,32.0,HYPE,12.395,27.81,344.7,BUY,148572.93,Open Long,0.0,True,0.120646,1740000000000.0,16:04:00,0,30,3,2025
Fear,39.0,BTC,85198.0,0.11855,10100.22,SELL,94.91608,Close Long,24.37388,True,2.323051,1750000000000.0,02:17:00,1,21,4,2025
Fear,32.0,HYPE,15.0,40.0,600.0,SELL,2497.9,Close Long,11.772,False,0.03,1740000000000.0,16:51:00,1,19,3,2025
Extreme Greed,83.0,BTC,92263.0,0.17167,15838.79,SELL,0.97894,Close Long,36.325372,True,4.751636,1730000000000.0,05:45:00,1,20,11,2024
Extreme Fear,18.0,ETH,1481.0,0.6,888.6,SELL,14.52,Close Long,4.2,False,0.08886,1740000000000.0,02:19:00,1,9,4,2025
Greed,74.0,HBAR,0.26693,50.0,13.35,BUY,-2011.0,Close Short,-0.15645,True,0.004671,1730000000000.0,21:02:00,0,20,12,2024
Greed,74.0,@107,14.93,17.37,259.33,SELL,96799.83,Sell,259.333927,False,0.025933,1730000000000.0,19:58:00,1,11,12,2024
Greed,70.0,FTT,3.15,142.2,447.93,BUY,-1601.4,Close Short,16.462494,False,0.043001,1730000000000.0,21:17:00,1,23,12,2024
Extreme Greed,87.0,HYPE,27.381,69.49,1902.71,BUY,2594.56,Open Long,0.0,False,0.095135,1730000000000.0,05:24:00,0,17,12,2024
Fear,25.0,HYPE,19.254,20.4,392.78,BUY,277835.49,Open Long,0.0,False,0.018853,1740000000000.0,07:44:00,0,25,2,2025
Fear,26.0,ETH,2269.0,1.3222,3000.07,BUY,-17.9557,Close Short,-123.916584,True,1.050025,1740000000000.0,21:10:00,0,2,3,2025
Extreme Fear,23.0,HYPE,10.573,141.88,1500.1,BUY,11474.28,Open Long,0.0,True,0.450029,1740000000000.0,20:06:00,0,7,4,2025
Neutral,54.0,BTC,100640.0,0.00016,16.1,BUY,0.70963,Open Long,0.0,False,0.00161,1740000000000.0,01:01:00,0,5,2,2025
Fear,34.0,HYPE,13.536,28.63,387.54,BUY,8251.71,Open Long,0.0,False,0.019376,1740000000000.0,14:46:00,0,12,3,2025
Greed,72.0,@107,18.765,7.0,131.36,BUY,5112.553665,Buy,0.0,False,0.00069997,1750000000000.0,08:38:00,0,23,4,2025
Extreme Greed,83.0,IO,4.5696,43.7,199.69,SELL,-2013.7,Open Short,0.0,True,0.067096,1730000000000.0,08:22:00,0,12,12,2024
Extreme Greed,82.0,TON,5.4297,233.0,1265.12,BUY,2838.6,Open Long,0.0,True,0.442792,1730000000000.0,12:06:00,0,21,11,2024
Neutral,49.0,HYPE,22.632,44.18,999.88,BUY,3552.57,Open Long,0.0,False,0.095988,1740000000000.0,07:03:00,0,24,2,2025
Fear,43.0,HYPE,15.655,45.92,718.88,BUY,-1643.02,Close Short,133.778736,True,0.241542,1740000000000.0,00:44:00,1,12,4,2025
Greed,71.0,DOGE,0.32399,1757.0,569.25,SELL,28583.0,Close Long,6.653759,True,0.199237,1740000000000.0,19:07:00,1,27,1,2025
Neutral,48.0,BTC,97250.0,0.00916,890.81,BUY,0.02986,Open Long,0.0,False,0.04454,1740000000000.0,20:30:00,0,14,2,2025
Extreme Greed,90.0,PURR,0.22339,63.0,14.07,BUY,-179.0,Close Short,0.571221,False,0.001407,1730000000000.0,02:37:00,1,19,11,2024
Fear,27.0,HYPE,13.856,142.25,1971.02,SELL,12227.57,Close Long,119.902525,True,0.689855,1740000000000.0,18:55:00,1,14,3,2025
Neutral,54.0,HYPE,18.193,5.5,100.06,BUY,-818.73,Close Short,1.199,True,0.030018,1750000000000.0,18:05:00,1,28,4,2025
Greed,72.0,GRIFFAIN,0.23682,1623.0,384.36,SELL,-3193.0,Open Short,0.0,True,0.134525,1740000000000.0,23:45:00,0,4,2,2025
Neutral,47.0,HYPE,18.6,768.79,14299.49,SELL,-1361.83,Open Short,0.0,False,0.714974,1750000000000.0,08:55:00,0,22,4,2025
Extreme Fear,24.0,@107,11.95,487.53,5825.98,BUY,14515.82676,Buy,0.0,False,0.04875297,1740000000000.0,12:16:00,0,8,4,2025
Fear,34.0,HYPE,11.5,75.0,862.5,BUY,12274.11,Open Long,0.0,True,0.258749,1740000000000.0,15:42:00,0,6,4,2025
Neutral,47.0,FARTCOIN,1.0482,477.0,499.99,SELL,-57642.0,Open Short,0.0,True,0.143997,1750000000000.0,21:22:00,0,22,4,2025
Neutral,49.0,HYPE,22.059,0.5,11.03,SELL,116227.43,Close Long,0.0823,False,0.001057,1740000000000.0,18:25:00,1,24,2,2025
Neutral,47.0,HYPE,14.338,341.24,4892.7,BUY,-470.09,Close Short,-108.480196,True,1.467809,1740000000000.0,20:50:00,0,26,3,2025
Fear,27.0,SOL,127.95,5.88,752.35,BUY,5303.37,Open Long,0.0,True,0.188086,1740000000000.0,22:22:00,0,9,3,2025
Fear,31.0,ALT,0.036381,27843.0,1012.96,BUY,26287.0,Open Long,0.0,True,0.354534,1740000000000.0,00:21:00,0,21,3,2025
Neutral,49.0,VINE,0.13751,249.0,34.24,BUY,8706.0,Open Long,0.0,False,0.003423,1740000000000.0,17:54:00,0,6,2,2025
Extreme Greed,76.0,@107,26.958,6.0,161.75,SELL,1390.457888,Sell,0.41478,True,0.056611,1740000000000.0,19:13:00,1,31,1,2025
Greed,60.0,BTC,94810.0,0.011,1042.91,SELL,57.19943,Close Long,2.9986,False,0.0,1750000000000.0,01:09:00,1,29,4,2025
Fear,34.0,HYPE,15.09,1.27,19.16,SELL,14891.14,Close Long,0.274955,True,0.005749,1740000000000.0,06:36:00,1,7,3,2025
Extreme Fear,24.0,@107,13.949,206.06,2874.33,SELL,6443.605295,Sell,-68.373738,True,0.862299,1740000000000.0,08:29:00,0,11,3,2025
Fear,32.0,@107,16.822,5.94,99.92,SELL,4758.246964,Sell,0.284981,True,0.034972,1750000000000.0,02:46:00,1,19,4,2025
Fear,43.0,HYPE,16.2,6.69,108.38,SELL,-3843.1,Open Short,0.0,False,0.010837,1740000000000.0,19:53:00,0,12,4,2025
Neutral,50.0,BTC,96710.0,0.519,50192.49,SELL,0.75926,Close Long,312.957,True,15.057746,1740000000000.0,00:04:00,1,13,2,2025
Extreme Greed,79.0,ETH,3497.3,0.01,34.97,SELL,1.109,Close Long,0.0858,True,0.01224,1710000000000.0,03:24:00,1,2,4,2024
Neutral,47.0,HYPE,24.638,19.95,491.53,SELL,-6063.57,Open Short,0.0,True,0.172034,1740000000000.0,10:45:00,0,11,2,2025
Greed,70.0,SOL,198.38,6.29,1247.81,SELL,-5.75,Open Short,0.0,True,0.419263,1740000000000.0,07:39:00,0,2,1,2025
Greed,72.0,HYPE,26.359,12.51,329.75,SELL,-11.32,Open Short,0.0,False,0.032975,1740000000000.0,21:00:00,0,4,2,2025
Extreme Greed,83.0,HYPE,19.83,30.14,597.68,SELL,1359.6,Close Long,2.98386,False,0.029883,1730000000000.0,07:27:00,1,14,12,2024
Fear,26.0,HYPE,13.1,95.79,1254.85,BUY,3964.91,Open Long,0.0,False,0.062742,1740000000000.0,01:14:00,0,29,3,2025
Fear,44.0,HYPE,13.625,7.33,99.87,SELL,546.89,Close Long,2.737755,True,0.029961,1740000000000.0,19:20:00,1,2,4,2025
Extreme Greed,76.0,ETH,3440.1,4.3149,14843.69,SELL,-34.1263,Open Short,0.0,True,5.19529,1710000000000.0,05:54:00,0,8,4,2024
Extreme Greed,77.0,W,0.735,144.7,106.35,SELL,-4059.9,Open Short,0.0,False,0.010635,1720000000000.0,19:49:00,0,7,6,2024
Extreme Greed,80.0,@107,24.132,3.03,73.12,BUY,72305.71442,Buy,0.0,True,0.00106045,1730000000000.0,10:20:00,0,15,12,2024
Extreme Greed,78.0,@107,13.97,1.48,20.68,SELL,32530.26367,Sell,0.787791,False,0.0,1730000000000.0,15:38:00,1,10,12,2024
Neutral,53.0,@107,19.3,7.39,142.63,BUY,1827.426819,Buy,0.0,False,0.00036948,1750000000000.0,09:13:00,0,1,5,2025
Greed,55.0,EIGEN,1.99,11050.0,21989.5,SELL,-1044.85,Open Short,0.0,False,2.19895,1740000000000.0,22:29:00,0,21,2,2025
Fear,32.0,HYPE,17.921,16.25,291.22,SELL,-17999.5,Open Short,0.0,True,0.087364,1750000000000.0,11:22:00,0,19,4,2025
Extreme Fear,23.0,@107,10.525,25.0,263.12,SELL,225.1178405,Sell,3.16209,True,0.092093,1740000000000.0,20:08:00,1,7,4,2025
Greed,72.0,ETH,2841.6,14.0619,39958.3,BUY,-1044.2529,Close Short,-1035.518316,True,11.987488,1740000000000.0,06:26:00,0,4,2,2025
Greed,70.0,BTC,96479.0,0.21117,20373.47,BUY,0.764,Open Long,0.0,True,6.112041,1740000000000.0,05:34:00,0,15,1,2025
Fear,25.0,HYPE,16.947,1.24,21.01,SELL,1090.5,Close Long,0.284952,True,0.007354,1740000000000.0,00:16:00,1,6,3,2025
Greed,63.0,GMX,14.993,11.26,168.82,BUY,987.81,Open Long,0.0,True,0.056723,1750000000000.0,23:01:00,0,24,4,2025
Fear,34.0,HYPE,11.49,1.05,12.06,BUY,5210.04,Open Long,0.0,True,0.003619,1740000000000.0,15:42:00,0,6,4,2025
Greed,72.0,FARTCOIN,1.1762,506.6,595.86,SELL,-11168.7,Open Short,0.0,True,0.208552,1750000000000.0,10:44:00,0,23,4,2025
Greed,56.0,@142,94280.0,0.0006,56.57,BUY,0.889205975,Buy,0.0,False,5.99e-08,1750000000000.0,05:29:00,0,30,4,2025
Fear,38.0,TRUMP,7.88,433.6,3416.77,BUY,-18868.7,Close Short,68.16192,False,0.328008,1740000000000.0,04:52:00,1,15,4,2025
Extreme Greed,79.0,PURR/USDC,0.33005,232.0,76.57,BUY,23293.84862,Buy,0.0,True,0.08119,1740000000000.0,14:24:00,0,26,12,2024
Fear,30.0,@107,16.25,10.87,176.64,BUY,623.8674032,Buy,0.0,False,0.00104344,1740000000000.0,19:55:00,0,17,4,2025
Fear,25.0,HYPE,19.367,1.0,19.37,BUY,238139.95,Open Long,0.0,False,0.000929,1740000000000.0,07:24:00,0,25,2,2025
Fear,44.0,@107,13.541,8.86,119.97,BUY,11.90587398,Buy,0.0,True,0.00310095,1740000000000.0,15:39:00,0,2,4,2025
Greed,72.0,BTC,91174.0,0.21936,19999.93,SELL,24.67338,Close Long,-0.21936,True,4.599983,1750000000000.0,00:01:00,0,23,4,2025
Fear,28.0,ETH,1769.0,0.283,500.63,BUY,-373.6453,Close Short,0.1981,False,0.050062,1740000000000.0,16:58:00,1,4,4,2025
Greed,74.0,XRP,2.4052,10.0,24.05,SELL,401.0,Close Long,0.80809,True,0.008081,1730000000000.0,23:48:00,1,11,12,2024
Greed,71.0,NTRN,1.549,927.0,1435.92,BUY,15625.0,Open Long,0.0,True,0.35898,1700000000000.0,00:24:00,0,8,1,2024
Extreme Greed,77.0,SOL,269.64,559.93,150979.53,SELL,-162.59,Open Short,0.0,False,15.097952,1740000000000.0,13:58:00,0,19,1,2025
Extreme Greed,75.0,HBAR,0.28155,177.0,49.83,BUY,-896.0,Close Short,2.502426,True,0.017442,1730000000000.0,02:50:00,1,19,12,2024
Neutral,49.0,HYPE,23.868,1.0,23.87,SELL,4392.69,Close Long,1.2917,True,0.008018,1740000000000.0,01:29:00,1,20,2,2025
Fear,28.0,MELANIA,0.58,1448.5,840.13,SELL,-625382.2,Open Short,0.0,False,0.080652,1740000000000.0,23:08:00,0,4,4,2025
Fear,34.0,@107,13.571,14.67,199.09,SELL,1804.804206,Sell,2.571687,True,0.059725,1740000000000.0,16:30:00,1,12,3,2025
Extreme Greed,75.0,@107,25.41,5.0,127.05,SELL,19250.58021,Sell,1.093404,False,0.006352,1730000000000.0,13:17:00,1,19,12,2024
Neutral,51.0,@107,26.413,50.98,1346.53,BUY,34421.85013,Buy,0.0,True,0.01712925,1740000000000.0,08:54:00,0,17,2,2025
Greed,62.0,FARTCOIN,0.8,99.0,79.2,SELL,-912.4,Open Short,0.0,False,0.007603,1740000000000.0,01:56:00,0,12,1,2025
Fear,34.0,HYPE,15.9,12.58,200.02,SELL,1641.84,Close Long,5.892472,False,0.0,1740000000000.0,20:41:00,1,7,3,2025
Extreme Greed,76.0,ZETA,2.486,125.3,311.5,BUY,-6179.8,Close Short,5.771318,False,-0.006229,1710000000000.0,01:22:00,1,23,2,2024
Fear,34.0,SOL,144.29,7.0,1010.03,SELL,7729.28,Close Long,1.3678,False,0.04848,1740000000000.0,01:44:00,1,7,3,2025
Extreme Fear,24.0,HYPE,13.05,6.61,86.26,BUY,188562.93,Open Long,0.0,False,0.0,1740000000000.0,06:17:00,0,11,3,2025
Extreme Greed,93.0,PURR/USDC,0.22284,88.0,19.61,BUY,24902.49706,Buy,0.0,True,0.03079,1730000000000.0,19:36:00,0,23,11,2024
Fear,30.0,BTC,84601.0,0.00018,15.23,SELL,0.19822,Close Long,0.10224,True,0.004568,1740000000000.0,17:50:00,1,23,3,2025
Extreme Greed,87.0,ETH,4024.0,2.6843,10801.62,SELL,-378.6976,Open Short,0.0,False,1.080162,1730000000000.0,20:21:00,0,17,12,2024
Extreme Fear,18.0,GMX,13.652,164.81,2249.99,SELL,367.78,Close Long,256.625651,True,0.755995,1740000000000.0,23:21:00,1,9,4,2025
Extreme Greed,83.0,@107,17.391,23.48,408.34,SELL,31286.10011,Sell,81.228311,True,0.102085,1730000000000.0,11:08:00,1,12,12,2024
Neutral,48.0,BTC,96842.0,0.41384,40077.09,SELL,0.41385,Close Long,41.880608,False,2.003854,1740000000000.0,21:22:00,1,14,2,2025
Greed,65.0,kBONK,0.019801,16832.0,333.29,SELL,-139239.0,Open Short,0.0,True,0.116651,1750000000000.0,09:56:00,0,26,4,2025
Fear,28.0,LINK,15.75,47.6,749.7,BUY,61.3,Open Long,0.0,False,0.071971,1740000000000.0,04:43:00,0,8,3,2025
Extreme Greed,83.0,HYPE,19.516,58.2,1135.83,BUY,289.28,Open Long,0.0,False,0.056791,1730000000000.0,05:35:00,0,14,12,2024
Extreme Fear,24.0,@107,13.63,1.36,18.54,SELL,42744.89911,Sell,-4.685195,False,0.001778,1740000000000.0,07:00:00,0,11,3,2025
Extreme Greed,78.0,@107,10.21,22.48,229.52,BUY,864.9405255,Buy,0.0,True,0.00755318,1730000000000.0,03:01:00,0,4,12,2024
Extreme Fear,24.0,HYPE,13.25,50.0,662.5,BUY,132086.04,Open Long,0.0,False,0.0,1740000000000.0,06:03:00,0,11,3,2025
Fear,39.0,BTC,86740.0,0.23057,19999.64,SELL,-0.39648,Open Short,0.0,True,4.599917,1750000000000.0,06:21:00,0,21,4,2025
Fear,31.0,BTC,85039.0,0.00018,15.31,SELL,67.46357,Close Long,0.063054,True,0.003826,1740000000000.0,05:52:00,1,14,4,2025
Extreme Fear,23.0,HYPE,10.829,456.08,4938.89,BUY,8114.43,Open Long,0.0,True,1.481667,1740000000000.0,20:03:00,0,7,4,2025
Fear,25.0,HYPE,20.139,158.23,3186.59,BUY,212815.79,Open Long,0.0,True,1.070694,1740000000000.0,05:23:00,0,25,2,2025
Neutral,49.0,BTC,96657.0,0.011,1063.23,SELL,0.49932,Close Long,1.276,True,0.318968,1740000000000.0,23:15:00,1,22,2,2025
Extreme Fear,20.0,@107,17.857,384.02,6857.45,BUY,3858.599945,Buy,0.0,False,0.03840197,1740000000000.0,07:08:00,0,5,3,2025
Neutral,49.0,HYPE,22.116,380.43,8413.59,SELL,13697.89,Close Long,84.303288,False,0.807703,1740000000000.0,19:03:00,1,24,2,2025
Extreme Greed,76.0,HYPE,18.046,4.23,76.33,SELL,2509.08,Close Long,1.486845,False,0.003816,1730000000000.0,22:56:00,1,13,12,2024
Extreme Fear,23.0,HYPE,10.713,18.66,199.9,SELL,14144.47,Close Long,-1.677534,True,0.059971,1740000000000.0,20:22:00,0,7,4,2025
Fear,34.0,MELANIA,0.676,613.2,414.52,BUY,-60930.5,Close Short,0.545748,False,0.041452,1740000000000.0,01:57:00,1,18,3,2025
Neutral,47.0,HYPE,24.45,25.37,620.3,BUY,52.05,Open Long,0.0,False,0.031014,1740000000000.0,19:43:00,0,18,2,2025
Neutral,49.0,HYPE,21.474,4.63,99.42,BUY,101813.14,Open Long,0.0,False,0.009544,1740000000000.0,13:36:00,0,24,2,2025
Fear,44.0,ETH,2782.0,1.5828,4403.35,BUY,344.5784,Open Long,0.0,False,0.220167,1740000000000.0,04:56:00,0,3,2,2025
Extreme Greed,75.0,HYPE,25.048,8.0,200.38,SELL,2094.89,Close Long,3.2456,True,0.060115,1730000000000.0,02:46:00,1,19,12,2024
Greed,60.0,WIF,1.0106,500.0,505.3,BUY,8000.0,Open Long,0.0,True,0.176855,1740000000000.0,02:19:00,0,2,2,2025
Fear,26.0,MELANIA,0.618,29.7,18.35,BUY,-564358.3,Close Short,9.021078,False,0.001761,1740000000000.0,11:39:00,1,29,3,2025
Greed,72.0,PURR/USDC,0.19123,0.35001,0.07,SELL,0.35001,Spot Dust Conversion,0.0,True,0.0,1740000000000.0,05:30:00,0,28,1,2025
Greed,63.0,HYPE,18.5,131.42,2431.27,SELL,5358.14,Close Long,16.545778,True,0.850944,1750000000000.0,02:34:00,1,24,4,2025
Greed,72.0,@4,2.312,8.0,18.5,BUY,2610.0,Buy,0.0,True,0.00279,1720000000000.0,01:37:00,0,12,6,2024
Greed,72.0,PURR/USDC,0.11621,860.0,99.94,SELL,10342.53381,Sell,23.0931,True,0.034979,1750000000000.0,20:31:00,1,23,4,2025
Greed,72.0,FARTCOIN,0.8203,3918.5,3214.35,SELL,-586588.0,Open Short,0.0,True,1.12502,1740000000000.0,04:00:00,0,29,1,2025
Extreme Fear,18.0,PAXG,3080.0,0.212,652.96,SELL,-42.323,Open Short,0.0,False,0.062684,1740000000000.0,17:30:00,0,9,4,2025
Neutral,49.0,HYPE,21.476,10.0,214.76,BUY,101271.98,Open Long,0.0,False,0.020616,1740000000000.0,13:36:00,0,24,2,2025
Extreme Fear,24.0,SOL,103.0,4.85,499.55,BUY,0.0,Open Long,0.0,False,0.049955,1740000000000.0,22:57:00,0,8,4,2025
Fear,34.0,PENDLE,3.0362,8.0,24.29,BUY,2139.0,Open Long,0.0,True,0.008501,1740000000000.0,17:33:00,0,6,4,2025
Greed,70.0,ETH,3285.8,0.4204,1381.35,SELL,-121.8354,Open Short,0.0,True,0.414405,1730000000000.0,20:24:00,0,23,12,2024
Fear,34.0,HYPE,15.164,72.54,1100.0,BUY,84593.83,Open Long,0.0,False,0.0,1740000000000.0,00:34:00,0,7,3,2025
Fear,25.0,HYPE,19.842,6.19,122.82,SELL,287288.04,Close Long,0.044568,False,0.005895,1740000000000.0,21:27:00,1,25,2,2025
Extreme Greed,93.0,ETH,3386.8,1.8878,6393.6,BUY,-8.7705,Close Short,118.572718,True,2.23776,1730000000000.0,21:53:00,1,23,11,2024
Extreme Greed,79.0,LTC,89.198,0.59,52.63,BUY,-0.59,Close Short,4.743836,True,0.018419,1730000000000.0,16:53:00,1,26,11,2024
Extreme Fear,20.0,BTC,88634.0,0.54155,47999.74,SELL,-3.84007,Open Short,0.0,True,14.399922,1740000000000.0,15:35:00,0,5,3,2025
Fear,34.0,HYPE,15.093,1.34,20.22,SELL,15442.89,Close Long,0.29413,True,0.006067,1740000000000.0,06:36:00,1,7,3,2025
Fear,26.0,HYPE,13.048,65.16,850.21,BUY,62214.06,Open Long,0.0,True,0.297572,1740000000000.0,03:28:00,0,29,3,2025
Extreme Fear,15.0,HYPE,16.712,37.44,625.7,SELL,11836.5,Close Long,18.73872,True,0.187709,1740000000000.0,12:00:00,1,4,3,2025
Greed,71.0,PURR/USDC,0.16659,263.0,43.81,SELL,95436.35001,Sell,8.318441,True,0.015334,1740000000000.0,07:57:00,1,27,1,2025
Fear,39.0,BTC,85199.0,0.05634,4800.11,SELL,111.62796,Close Long,11.639844,True,1.104025,1750000000000.0,02:17:00,1,21,4,2025
Extreme Greed,79.0,@107,14.428,3.46,49.92,SELL,2347.04743,Sell,36.817032,True,0.017472,1730000000000.0,20:09:00,1,8,12,2024
Greed,62.0,BTC,94462.0,0.07382,6973.18,SELL,0.07382,Close Long,8.67385,True,2.091955,1740000000000.0,02:05:00,1,12,1,2025
Neutral,45.0,HYPE,16.18,11.32,183.16,SELL,529.18,Close Long,20.946528,False,0.018315,1740000000000.0,08:36:00,1,24,3,2025
Extreme Greed,79.0,@107,14.25,111.27,1585.6,SELL,62088.8641,Sell,109.946301,False,0.0,1730000000000.0,18:26:00,1,8,12,2024
Greed,74.0,@107,26.92,126.44,3403.76,SELL,38394.89113,Sell,147.574458,False,0.170188,1730000000000.0,20:41:00,1,20,12,2024
Extreme Greed,87.0,FTT,3.0185,50.0,150.93,SELL,-1548.7,Open Short,0.0,True,0.05071,1730000000000.0,08:21:00,0,17,12,2024
Extreme Greed,84.0,@107,23.2,56.7,1315.44,BUY,54.94528419,Buy,0.0,False,0.00567,1740000000000.0,04:33:00,0,22,1,2025
Fear,33.0,BTC,93931.0,0.01746,1640.04,SELL,1.0441,Close Long,12.37041,True,0.49201,1740000000000.0,01:52:00,1,3,3,2025
Neutral,45.0,HYPE,12.894,50.0,644.7,SELL,3690.74,Close Long,5.84,True,0.193409,1740000000000.0,10:56:00,1,13,3,2025
Extreme Fear,16.0,BTC,83500.0,0.00598,499.33,BUY,0.08116,Open Long,0.0,False,0.047935,1740000000000.0,01:35:00,0,28,2,2025
Neutral,47.0,HYPE,15.715,0.77,12.1,BUY,13684.96,Open Long,0.0,True,0.00363,1740000000000.0,10:13:00,0,26,3,2025
Extreme Greed,78.0,BTC,79456.0,0.00044,34.96,BUY,-0.27617,Close Short,0.188804,True,0.012236,1730000000000.0,20:14:00,1,10,11,2024
Neutral,49.0,JTO,2.8121,5334.0,14999.74,BUY,6747.0,Open Long,0.0,True,5.249909,1740000000000.0,10:28:00,0,6,2,2025
Fear,25.0,HYPE,19.361,2.0,38.72,BUY,239785.18,Open Long,0.0,False,0.001858,1740000000000.0,07:24:00,0,25,2,2025
Greed,70.0,@107,25.374,5.0,126.87,BUY,119.2239686,Buy,0.0,True,0.00174998,1740000000000.0,14:06:00,0,30,1,2025
Neutral,48.0,BTC,39820.0,0.08951,3564.29,BUY,-1.18163,Close Short,-10.633788,True,0.891072,1710000000000.0,05:46:00,0,24,1,2024
Fear,31.0,BTC,83500.0,5.0,417500.0,BUY,57.86266,Open Long,0.0,False,0.0,1740000000000.0,01:09:00,0,14,4,2025
Extreme Fear,23.0,FARTCOIN,0.455,438.8,199.65,SELL,-177339.2,Open Short,0.0,False,0.019965,1740000000000.0,19:14:00,0,7,4,2025
Extreme Fear,15.0,HYPE,17.7,74.14,1312.28,BUY,15771.82,Open Long,0.0,False,0.062988,1740000000000.0,04:53:00,0,4,3,2025
Neutral,50.0,ONDO,1.3665,212.0,289.7,BUY,10055.0,Open Long,0.0,False,0.014484,1740000000000.0,00:35:00,0,13,2,2025
Extreme Fear,18.0,ETH,1582.0,0.35,553.7,SELL,5.882,Close Long,4.06,False,0.05537,1740000000000.0,23:01:00,1,9,4,2025
Neutral,49.0,@23,0.97489,100.0,97.49,BUY,3060.378502,Buy,0.0,True,0.03499984,1740000000000.0,23:46:00,0,24,2,2025
